StepId,Workstream,Description,CorpStartDate,CorpEndDate,CorpStatus,CorpCompletedDate,FedStartDate,FedEndDate,FedStatus,SetupValidation,EngineeringDependent,WWIC_POC,Fed_POC,EngineeringDRI,EngineeringLead,ADOLink,ReferenceNotes
"1.A","System Rollover","Create FY27 ""bucket"" on backend of Mint, to allow for FY27 ConfigHub work to start","2026-03-24","2026-03-30","Completed","2026-03-27","","","Completed","Y- WWIC","Y - Orchestration","Jim R","Amanda/ShreyasP","Amanda/Kanika","Amit Tiwari","FYRO Corp Orchestration",""
"1.B","System Rollover","Rollover FY26 Connections, Activities, Processes, & Mint FY26 Run Template to FY27","2026-03-24","2026-04-07","Completed","2026-03-27","","","Completed","Y- WWIC","Y - Orchestration","Jim R","Amanda/ShreyasP","Amanda/Kanika","Amit Tiwari","FYRO Fed Orchestration",""
"1.C","System Rollover","Rollover Other Run Templates Required by Business (Business team to specify)","2026-03-24","2026-04-13","In Progress","","","","In Progress","Y- WWIC","","Jim R","","","","",""
"1.C.1","System Rollover","Mint Studio Adjustment Domain Pull [Corp]","2026-03-31","2026-03-31","Completed","2026-03-31","","","NA","Y- WWIC","Y - Orchestration","Jim R","","Amanda/Kanika","Amit Tiwari","",""
"1.C.2","System Rollover","One Time Datapulls or Processing [Corp]","2026-03-31","2026-03-31","Completed","2026-03-31","","","NA","Y- WWIC","Y - Orchestration","Jim R","","Amanda/Kanika","Amit Tiwari","",""
"1.D","System Rollover","Deploy necessary code to enable new Fiscal Year in MintOrch dropdown","2026-03-24","","Completed","2026-03-25","","","Completed","Y- WWIC","Y - Orchestration","Jim R","Amanda/ShreyasP","Amanda/Kanika","Amit Tiwari","",""
"1.E","System Rollover","Create new fiscal year specific container in datalake (ex : MintFY27)","2026-03-24","2026-04-13","Completed","2026-03-19","","","Completed","Y- WWIC","Y - Orchestration","Jim R","Amanda/ShreyasP","Amanda/Kanika","Amit Tiwari","",""
"1.F","System Rollover","Rollover all perspectives and datapulls/entities from FY26 to FY27 (dependecy on Orchestration activity etc rollover)","2026-04-01","2026-04-14","Completed","2026-04-01","","","Completed","Y- WWIC","Y - Ingestion","Jim R","","Anurag Gupta","Anurag Gupta","https://microsoft.visualstudio.com/OSGS/_workitems/edit/57003488",""
"1.G","System Rollover","Deploy necessary code to enable new Fiscal Year in SystemConfigHub dropdown","2026-04-01","2026-04-07","Completed","2026-04-06","","","Completed","Y- WWIC","Y - Ingestion","Jim R","","Anurag Gupta","Anurag Gupta","",""
"1.H","System Rollover","Confirm entities have fiscal year field updated to FY27 (all teams)","2026-04-07","2026-04-14","In Progress","","","","In Progress","Y- WWIC","","Jim R","","","","",""
"1.I","System Rollover","Missing entities identified and remediated (all teams)","2026-04-15","2026-06-10","Not Started","","","","Not Started","Y- WWIC","","Jim R","","","","",""
"1.J","System Rollover","Set FY27 IsPlanning flag to ""Yes"" (Done as part of initial Orch rollover)","2026-04-15","2026-04-16","Completed","2026-03-27","","","Completed","Y- WWIC","Y - Orchestration","Jim R","Amanda/ShreyasP","Amanda/Kanika","Amit Tiwari","",""
"1.K","System Rollover","Set up FY27 alt activities/processes","2026-04-15","2026-04-16","Not Started","","","","Not Started","Y- WWIC","Y - Ingestion","Jim R","","Anurag Gupta","Anurag Gupta","",""
"1.L","System Rollover","Rollover Other Run Templates: Crediting","2026-04-28","2026-05-04","Not Started","","","","Not Started","Y- WWIC","","Jim R","","Shankar Kshetry","Pragya Dubey","",""
"1.M","System Rollover","Rollover Other Run Templates: Mint Studio","2026-04-28","2026-05-04","Not Started","","","","Not Started","Y- WWIC","","Jim R","","Shankar Kshetry","Pragya Dubey","",""
"1.N","System Rollover","Rollover Other Run Templates: Mint SE refresh","2026-04-28","2026-05-04","Not Started","","","","Not Started","Y- WWIC","","Jim R","","","Jacob Thomas","",""
"1.O","System Rollover","Verify Corp & Fed Connections are complete and accurate (delimiter changes) (all teams)","2026-04-28","2026-04-30","Not Started","","","","Not Started","Y- WWIC","","Jim R","","","","",""
"1.P","System Rollover","Validate All Run Template dependencies, state is Active, and mappings are correct (all teams)","2026-04-30","2026-05-06","Not Started","","","","Not Started","Y- WWIC","","Jim R","","","","",""
"1.Q","System Rollover","Set HR FY27 IsPlanning flag to ""Yes""","2026-05-01","2026-05-09","Not Started","","","","Not Started","Y- WWIC","Y- MintStudio","Jim R","","Shankar Kshetry","Pragya Dubey","",""
"1.R","System Rollover","Validate Quota x TPID validation is complete","2026-06-15","2026-06-15","Not Started","","","","Not Started","Y- WWIC","","Jim R","","Shankar Kshetry","Pragya Dubey","",""
"1.S","System Rollover","Set FY27 IsPlanning flag to ""No""","2026-07-21","2026-07-21","Not Started","","","","Not Started","Y- WWIC","Y - Ingestion","Jim R","","Anurag Gupta","Anurag Gupta","",""
"2.A","Perspective Config","Perspective Analysis & Modeling (post CM Lock)","2026-04-01","2026-04-24","In Progress","","","","Not Started","","N","Baishali Ray","","","","",""
"2.B","Perspective Config","Refine, iterate, and adjust FY27 Perspectives as needed","2026-04-01","2026-06-05","In Progress","","","","Not Started","","N","Baishali Ray","","","","",""
"2.D","Perspective Config","Clean-Up + Delete unneeded Perspective metadata","2026-04-13","2026-07-20","Not Started","","","","Not Started","","N","Baishali Ray","","","","",""
"2.E","Perspective Config","Add/Update/Delete rows from ccFSA.TransactionSourceKeyMap as necessary (used for MyChangeHistory) SE","2026-06-16","2026-07-10","Not Started","","","","Not Started","","Y - Ingestion","","","","","",""
"2.F","Perspective Config","Validate and update any Fact Level Adjustment entities, and update as needed","2026-06-16","2026-07-27","Not Started","","","","Not Started","","Y","Jim R","","","","",""
"2.G","Perspective Config","Update path changes from SQL Server to ADLS","2026-06-18","2026-06-18","Not Started","","","","","","","","","","","",""
"3.A","MSC FY27 Rollover","MSC FY27 Rollover","","","Not Started","","","","Not Started","Y- WWIC","Y","Clayton Butler","","Eric Burmester","Pravin Deshmukh","",""
"3.B","MSC FY27 Rollover","Data Management Rollover","2026-02-02","2026-04-17","In Progress","","","","Not Started","Y- WWIC","Y","Clayton Butler","","Eric Burmester","Pravin Deshmukh","",""
"3.C","MSC FY27 Rollover","Plan Design Rollover","2026-03-25","2026-04-10","In Progress","","","","Not Started","Y- WWIC","Y","Clayton Butler","","Eric Burmester","Pravin Deshmukh","",""
"3.D","MSC FY27 Rollover","MSC Reporting","2026-04-06","2026-08-15","In Progress","","","","Not Started","Y- WWIC","Y","Clayton Butler","","Eric Burmester","Pravin Deshmukh","",""
"3.E","MSC FY27 Rollover","Role Excellence Rollover","2026-03-30","2026-04-10","In Progress","","","","NA","Y- WWIC","Y","Clayton Butler","","Eric Burmester","Pravin Deshmukh","",""
"3.F","MSC FY27 Rollover","Top Attainment and Gold Club awards","2026-04-06","2026-07-20","In Progress","","","","Not Started","Y- WWIC","Y","Clayton Butler","","Eric Burmester","Pravin Deshmukh","",""
"3.G","MSC FY27 Rollover","RAIN Launch","2026-05-11","2026-07-10","Not Started","","","","Not Started","Y- WWIC","Y","Clayton Butler","","Eric Burmester","Pravin Deshmukh","",""
"3.H","MSC FY27 Rollover","Custom Allocation","2026-06-15","2026-06-30","Not Started","","","","Not Started","Y- WWIC","Y","Clayton Butler","","Eric Burmester","Pravin Deshmukh","",""
"3.I","MSC FY27 Rollover","Planning Cube","2026-06-25","","Not Started","","","","Not Started","Y- WWIC","Y","Clayton Butler","","Eric Burmester","Pravin Deshmukh","",""
"3.K","MSC FY27 Rollover","Swarming Incentives","2026-06-25","","Not Started","","","","Not Started","Y- WWIC","Y","Clayton Butler","","Eric Burmester","Pravin Deshmukh","",""
"3.L","MSC FY27 Rollover","ICP","2026-07-07","","Not Started","","","","Not Started","Y- WWIC","Y","Clayton Butler","","Eric Burmester","Pravin Deshmukh","",""
"4.A","Plan Config","Compensable Metrics Registration","2026-01-02","2026-01-29","Completed","2026-01-29","","","","","","","","","","",""
"4.B","Plan Config","Compensable Metrics Risk Assessment Completion ","2026-01-30","2026-02-27","Completed","2026-02-27","","","","","","","","","","",""
"4.C","Plan Config","New/Modified Compensable Metrics implemented in MSC","2026-04-24","2026-05-29","Not Started","","","","Not Started","Y- WWIC","N","Wagner","Kyle Daugherty","Pravin Deshmukh","David Schuster","",""
"4.D","Plan Config","Default Plans Setup in MSC","2026-04-24","2026-05-29","Not Started","","","","Not Started","Y- WWIC","N","Wagner","Kyle Daugherty","Pravin Deshmukh","David Schuster","",""
"4.E","Plan Config","Localized Plans Setup in MSC","2026-04-24","2026-05-29","Not Started","","","","Not Started","Y- WWIC","N","Wagner","Kyle Daugherty","Pravin Deshmukh","David Schuster","",""
"4.I","Plan Config","Existing Compensable Metrics implemented in MSC","2026-04-24","2026-05-29","Not Started","","","","Not Started","Y- WWIC","N","Wagner","Kyle Daugherty","Pravin Deshmukh","David Schuster","",""
"4.F","Plan Config","Compensable Metrics review with SLT","2026-06-10","2026-06-11","Not Started","","","","Not Started","Y- WWIC","N","Wagner","Kyle Daugherty","Pravin Deshmukh","David Schuster","",""
"4.G","Plan Config","Plans locked","2026-06-10","2026-06-10","Not Started","","","","Not Started","Y- WWIC","N","Wagner","Kyle Daugherty","Pravin Deshmukh","David Schuster","",""
"4.H","Plan Config","Plan Audit in MSC","2026-06-22","2026-06-25","Not Started","","","","Not Started","Y- WWIC","N","Wagner","Kyle Daugherty","Pravin Deshmukh","David Schuster","",""
"5.A","Data Ingestion","Support/add new perspectives as needed - Mint ecosystem","2026-04-01","2026-06-16","In Progress","","","","","","","Jim R","","","Anurag Gupta","",""
"5.B","Data Ingestion","Add new datapulls as identified and needed ( Budget)","2026-06-01","2026-07-15","Not Started","","","","Not Started","","Y - Ingestion","Jia/Robinson","Eric J","","Anurag Gupta","",""
"5.C","Data Ingestion","Update + Validate planning queries (Budget)","2026-06-01","2026-07-15","Not Started","","","","Not Started","","Y - Ingestion","Jia/Robinson","Eric J","","Anurag Gupta","",""
"5.D","Data Ingestion","Clean-Up + Delete unneeded entities and activities","2026-06-05","2026-07-17","Not Started","","","","Not Started","","Y - Ingestion","Jia/Robinson","Eric J","","Anurag Gupta","",""
"6.A","Orchestration","MintStudio Engineering team to confirm enviroment is ready for Configuration","2026-04-15","2026-06-16","Not Started","","","","Not Started","Y- WWIC","Y- MintStudio","Jim R","Amanda/ShreyasP","Amanda/Kanika","Amit Tiwari","",""
"6.B","Orchestration","Ingestion Engineering team to confirm enviroment is ready for Configuration","2026-04-15","2026-05-22","In Progress","","","","Not Started","Y- WWIC","Y - Ingestion","Jim R","Amanda/ShreyasP","Amanda/Kanika","Amit Tiwari","",""
"6.C","Orchestration","Orchestration Engineering team to confirm enviroment is ready for Configuration","2026-04-15","2026-05-22","Completed","2026-03-30","","","Not Started","Y- WWIC","Y - Orchestration","","Amanda/ShreyasP","Amanda/Kanika","Amit Tiwari","",""
"6.D","Orchestration","Validate FY27 Run Template and update as appropriate - (compare to last year's template and ensure all processes have been rolled over)","2026-04-21","2026-05-22","Completed","2026-03-30","","","Not Started","Y-Engineering","Y - Ingestion","Jim R","Amanda/ShreyasP","Amanda/Kanika","Amit Tiwari","",""
"6.E","Orchestration","Begin running planning data pulls as appropriate","2026-04-21","2026-05-22","Not Started","","","","Not Started","Y- WWIC","Y - Ingestion","Jim R","Amanda/ShreyasP","Amanda/Kanika","Amit Tiwari","",""
"6.F","Orchestration","Validate all baseline / mock data is present","2026-04-22","2026-06-01","Completed","2026-03-30","","","","","","","","","","",""
"6.G","Orchestration","WWIC provides need-by dates for DataPull activties ( Budget)","2026-05-15","2026-06-01","Not Started","","","","Not Started","Y-Engineering","N","Jim R","Amanda/ShreyasP","Amanda/Kanika","Amit Tiwari","",""
"6.H","Orchestration","Create and/or Modify FY27 run template as needed post eng roll-over","2026-05-15","2026-05-30","Not Started","","","","Not Started","Y-Engineering","Y - Ingestion","Jim R","Amanda/ShreyasP","Amanda/Kanika","Amit Tiwari","",""
"6.I","Orchestration","Validate FY27 Mint Ingestion Template rollover - (compare to last year's template and ensure all processes have been rolled over)","2026-05-15","2026-05-15","Not Started","","","","Not Started","Y-Engineering","Y - Ingestion","Jim R","Amanda/ShreyasP","Amanda/Kanika","Amit Tiwari","",""
"6.J","Orchestration","Validate all plans (Corp & Fed) are present","2026-05-25","2026-05-28","Not Started","","","","","","","","","","","",""
"6.K","Orchestration","Validate UBI plans are ready for data pull","2026-05-25","2026-05-28","Not Started","","","","","","","","","","","",""
"6.L","Orchestration","Verify upstream data is ready for train runs","2026-05-25","2026-05-28","Not Started","","","","","","","","","","","",""
"6.M","Orchestration","Gather FY27 Business planning changes including flex grain and distributed quote (WWIC)-","2026-06-02","2026-06-30","Not Started","","","","Not Started","Y-Engineering","N","Jim R","Amanda/ShreyasP","Amanda/Kanika","Amit Tiwari","",""
"6.N","Orchestration","Begin running trains with Mint Studio Processing","2026-06-03","2026-06-30","Not Started","","","","Not Started","Y- WWIC","Y- MintStudio","Jim R","Amanda/ShreyasP","Amanda/Kanika","Amit Tiwari","",""
"6.O","Orchestration","Crediting Engineering team to confirm environment is ready for configuration","2026-06-11","2026-06-11","Not Started","","","","Not Started","Y- WWIC","Y - Crediting","Jim R","Amanda/ShreyasP","Amanda/Kanika","Amit Tiwari","running the train is Business related, Engineering will only provide the platform and the capability for the trains",""
"6.P","Orchestration","ICBM Engineering team to confirm environment is ready for configuration","2026-06-11","2026-06-11","Not Started","","","","Not Started","Y- WWIC","Y - ICBM","Jim R","Amanda/ShreyasP","Amanda/Kanika","Amit Tiwari","",""
"6.Q","Orchestration","Earnings Engineering team to confirm environment is ready for configuration","2026-06-11","2026-06-11","Not Started","","","","Not Started","Y- WWIC","Y - Earning","Jim R","Amanda/ShreyasP","Amanda/Kanika","Amit Tiwari","",""
"6.R","Orchestration","Reporting Engineering team to confirm environment is ready for configuration","2026-06-11","2026-06-11","Not Started","","","","Not Started","Y- WWIC","Y - Reporting","Jim R","Amanda/ShreyasP","Amanda/Kanika","Amit Tiwari","",""
"6.S","Orchestration","Seller Experience Engineering team to confirm environment is ready for configuration","2026-06-11","2026-06-11","Not Started","","","","Not Started","Y- WWIC","Y - Reporting","Jim R","Amanda/ShreyasP","Amanda/Kanika","Amit Tiwari","",""
"6.T","Orchestration","Begin running trains with Fact Processing","2026-06-11","2026-06-11","Not Started","","","","Not Started","Not Started","Y- WWIC","Jim R","Amanda/ShreyasP","Amanda/Kanika","Amit Tiwari","5.B, 5.D",""
"6.U","Orchestration","Begin running trains with Mint Studio DataPulls","2026-06-16","2026-06-30","Not Started","","","","Not Started","Y- WWIC","Y- MintStudio","Jim R","Amanda/ShreyasP","Amanda/Kanika","Amit Tiwari","",""
"6.V","Orchestration","Submit test data/dummy data/planning data in MintStudio","2026-06-16","2026-06-30","Not Started","","","","Not Started","Y-Engineering","Y","Jia/Robinson","Amanda/ShreyasP","Amanda/Kanika","Amit Tiwari","",""
"6.W","Orchestration","Cascade changes to Engineering to Configure MintConfgHub for flexgrains/ quota facts","2026-06-16","2026-06-30","Not Started","","","","Not Started","Y- WWIC","Y - Ingestion","Jim R","Amanda/ShreyasP","Amanda/Kanika","Amit Tiwari","",""
"6.X","Orchestration","Update budget query path in config hub","2026-06-16","2026-06-30","Not Started","","","","","","","","Amanda/ShreyasP","Amanda/Kanika","Amit Tiwari","",""
"6.Y","Orchestration","Begin running trains with MintX Processing","2026-06-16","2026-06-19","Not Started","","","","Not Started","Y- WWIC","Y- MintStudio","Jim R","Amanda/ShreyasP","Amanda/Kanika","Amit Tiwari","",""
"6.Z","Orchestration","Begin running trains with Crediting","2026-06-16","2026-06-19","Not Started","","","","Not Started","Y- WWIC","Y - Crediting","Jim R","Amanda/ShreyasP","Amanda/Kanika","Amit Tiwari","running the train is Business related, Engineering will only provide the platform and the capability for the trains",""
"6.AA","Orchestration","Begin running trains with ICBM","2026-06-16","2026-06-19","Not Started","","","","Not Started","Y- WWIC","Y - ICBM","Jim R","Amanda/ShreyasP","Amanda/Kanika","Amit Tiwari","",""
"6.BB","Orchestration","Begin running trains with Earnings (do we need to remove and move post August)","2026-06-23","2026-06-26","Not Started","","","","Not Started","Y- WWIC","Y - Earning","Jim R","Amanda/ShreyasP","Amanda/Kanika","Amit Tiwari","",""
"6.CC","Orchestration","Begin running trains with Reporting Refresh","2026-06-23","2026-06-26","Not Started","","","","Not Started","Y- WWIC","Y - Reporting","Jim R","Amanda/ShreyasP","Amanda/Kanika","Amit Tiwari","",""
"6.DD","Orchestration","Begin running trains with Seller Experience Refresh","2026-07-07","2026-07-10","Not Started","","","","Not Started","Y- WWIC","Y - Reporting","Jim R","Amanda/ShreyasP","Amanda/Kanika","Amit Tiwari","",""
"6.EE","Orchestration","Confirm E2E Train is able to be run with all expected steps included","2026-07-07","2026-07-10","Not Started","","","","Not Started","Y- WWIC","Y - All Teams","Jim R","Amanda/ShreyasP","Amanda/Kanika","Amit Tiwari","",""
"6.FF","Orchestration","Handover Train to be fully ""business run""","2026-07-14","2026-07-14","Not Started","","","","Not Started","Y- WWIC","Y - All Teams","Jim R","Amanda/ShreyasP","Amanda/Kanika","Amit Tiwari","",""
"7.A","Quota Issuance","Mint Studio Backend Rollover","2026-05-05","2026-06-16","Not Started","","","","Not Started","Y- WWIC","Y","","","Shankar Kshetry","Pragya Dubey","",""
"7.B","Quota Issuance","Create and validate Commercial budget queries- Robinson","2026-05-15","2026-06-05","Not Started","","","","","","","","","Shankar Kshetry","Pragya Dubey","",""
"7.C","Quota Issuance","Identify any FlexGrains for Cleanup and finalize ""first pass"" of YoY changes","2026-05-15","2026-06-30","Not Started","","","","Not Started","","N","Jia/Robinson","Eric J","Shankar Kshetry","Pragya Dubey","",""
"7.D","Quota Issuance","Update Flexgrains + Create new Flexgrains based on locked Compensable Metrics","2026-05-15","2026-06-30","Not Started","","","","Not Started","","N","","","Shankar Kshetry","Pragya Dubey","Will Engineering update and Make FlexGrains or will Jia/Robinson's team make this ? Who made this last year?",""
"7.E","Quota Issuance","MintStudio Engineering update commercial budget query","2026-05-19","2026-06-05","Not Started","","","","","","","","","Shankar Kshetry","Pragya Dubey","",""
"7.F","Quota Issuance","Mint Studio PublishPipelines for FlexGrains become available","2026-05-19","2026-05-22","Not Started","","","","Not Started","Y- WWIC","Y","","","Shankar Kshetry","Pragya Dubey","",""
"7.G","Quota Issuance","Mint Studio initial publishes of Mock / Test data for FlexGrains and Distributed Quota","2026-05-26","2026-06-05","Not Started","","","","Not Started","Y- WWIC","Y","","","Shankar Kshetry","Pragya Dubey","",""
"7.H","Quota Issuance","Validate and Create/Update any Commercial Budget Queries as needed","2026-05-29","2026-06-05","Not Started","","","","Not Started","","N","Jia/Robinson","Eric J","Shankar Kshetry","Pragya Dubey","",""
"7.I","Quota Issuance","Mint Studio begins consuming FlexGrain structures from ccfsa.vwQuotaFactsGrain","2026-06-03","2026-06-30","Not Started","","","","Not Started","Y- WWIC","Y","","","Shankar Kshetry","Pragya Dubey","",""
"7.J","Quota Issuance","Rollover FlexGrains from FY26 to FY27 (in ConfigHub) - dependent on line 46","2026-06-05","2026-06-25","Not Started","","","","Not Started","Y- WWIC","Y","Jia/Robinson","Eric J","Shankar Kshetry","Pragya Dubey","",""
"7.K","Quota Issuance","Non Mint Studio Quota update - Robinson","","","Not Started","","","","","","","","","Shankar Kshetry","Pragya Dubey","",""
"7.L","Quota Issuance","FY27 Mint Studio instance toggled to Read-Only","2026-06-10","2026-06-12","Not Started","","","","Not Started","Y- WWIC","Y","","","Shankar Kshetry","Pragya Dubey","",""
"7.M","Quota Issuance","User access rolled over to Mint Studio","2026-06-10","2026-06-12","Not Started","","","","Not Started","Y- WWIC","Y","","","Shankar Kshetry","Pragya Dubey","",""
"7.N","Quota Issuance","Validate and Create/Update any Consumer Budget Queries as needed","2026-06-19","2026-07-15","Not Started","","","","Not Started","","N","Jia/Robinson","Eric J","Shankar Kshetry","Pragya Dubey","",""
"7.O","Quota Issuance","Create and validate Consumer budget queries- Robinson","2026-06-19","2026-07-15","Not Started","","","","","","","","","Shankar Kshetry","Pragya Dubey","",""
"7.P","Quota Issuance","MintStudio Engineering update consumer budget query","2026-06-19","2026-07-15","Not Started","","","","","","","","","Shankar Kshetry","Pragya Dubey","",""
"7.Q","Quota Issuance","Recurring and Renewal Scrub","2026-06-19","2026-07-17","Not Started","","","","Not Started","","Y- MintStudio","Jia/Robinson","Eric J","Shankar Kshetry","Pragya Dubey","",""
"7.R","Quota Issuance","Ensure SPCI (for SPM & AMT tools) receives required FYRO shift calculation ","","","Not Started","","","","","","Y - SPCI (SPM & AMT tools) ","Alejandro","","Shankar Kshetry","Pragya Dubey","",""
"7.U","Quota Issuance","Quota ML Baseline #1 (June Budget)","2026-06-25","2026-06-25","Not Started","","","","Not Started","","Y- MintStudio","Jia/Robinson","Eric J","Shankar Kshetry","Pragya Dubey","",""
"7.V","Quota Issuance","Mint Studio Demo, Transition to Steady State, Change Window Plan for FY26","2026-06-26","2026-06-26","Not Started","","","","Not Started","Y- WWIC","Y","","","Shankar Kshetry","Pragya Dubey","",""
"7.W","Quota Issuance","FY27 Over-Assignment Finalization","2026-07-01","2026-07-01","Not Started","","","","Not Started","","","Aziz","","Shankar Kshetry","Pragya Dubey","",""
"7.X","Quota Issuance","FY27 Annualization","2026-07-01","2026-07-10","Not Started","","","","Not Started","","Y- MintStudio","Jia/Robinson","Eric J","Shankar Kshetry","Pragya Dubey","",""
"7.Y","Quota Issuance","Quota ML Baseline #2 (FX rate)","2026-07-10","2026-07-10","Not Started","","","","Not Started","","Y- MintStudio","Jia/Robinson","Eric J","Shankar Kshetry","Pragya Dubey","",""
"7.Z","Quota Issuance","July Budget Update","2026-07-22","2026-07-22","Not Started","","","","Not Started","","Y- MintStudio","Jia/Robinson","Eric J","Shankar Kshetry","Pragya Dubey","",""
"7.AA","Quota Issuance","Quota ML Baseline #3","2026-07-27","2026-07-27","Not Started","","","","Not Started","","Y- MintStudio","Jia/Robinson","Eric J","Shankar Kshetry","Pragya Dubey","",""
"XX","Quota Issuance","Leadership Review","2026-07-27","2026-07-31","Not Started","","","","","","","","","","","",""
"7.BB","Quota Issuance","FY27 Mint Studio toggle to Read-Only","2026-08-03","2026-08-03","Not Started","","","","Not Started","","","","","Shankar Kshetry","Pragya Dubey","",""
"7.CC","Quota Issuance","Quota ML Baseline #3.1","2026-08-04","2026-08-04","Not Started","","","","Not Started","Milestone","","","","Shankar Kshetry","Pragya Dubey","",""
"7.DD","Quota Issuance","Final Quota Crediting","2026-08-05","2026-08-05","Not Started","","","","Not Started","","","","Eric J","Shankar Kshetry","Pragya Dubey","",""
"7.EE","Quota Issuance","QA Issuance (All plans by VIP)","2026-08-07","2026-08-07","Not Started","","","","Not Started","","","Dan Ager, Ops Team","Angela Dill","Shankar Kshetry","Pragya Dubey","",""
"7.FF","Quota Issuance","Mint Studio Open for Run Business","","","Not Started","","","","Not Started","","","","","Shankar Kshetry","Pragya Dubey","",""
"7.GG","Quota Issuance","Reporting Available for both Distributed and Non-Distributed datasets","","","Not Started","","","","Not Started","Y- WWIC","Y","","","Shankar Kshetry","Pragya Dubey","",""
"7.HH","Quota Issuance","Update + Test autospread logic for all Flexgrains","","","Not Started","","","","Not Started","Y- WWIC","N","","","Shankar Kshetry","Pragya Dubey","",""
"7.II","Quota Issuance","Business Rule Lock for FY27 (AMT and/or SPM)","","","Not Started","","","","Not Started","","","Alejandro","Eric J","Shankar Kshetry","Pragya Dubey","",""
"8.A","MintX Participant Setup","Copy Configuration Tables over YoY as a starting point","2026-05-12","2026-05-12","Not Started","","","","Not Started","","Y","","","Shankar Kshetry","Pragya Dubey","",""
"8.B","MintX Participant Setup","Verify Datapull-Mintx ADF is complete and saved","2026-05-13","2026-05-26","Not Started","","","","","","","","","Shankar Kshetry","Pragya Dubey","",""
"8.C","MintX Participant Setup","Initial Pull of Plan Configuration into MintX (from MSC)","2026-05-13","2026-06-26","Not Started","","","","Not Started","","","","","Shankar Kshetry","Pragya Dubey","",""
"8.D","MintX Participant Setup","Initial Pull of EDM data into MintX (from Mint)","2026-05-15","2026-06-26","Not Started","","","","Not Started","","","","","Shankar Kshetry","Pragya Dubey","Setup Done/No data coming",""
"8.E","MintX Participant Setup","MintX Engineering team to confirm environment is ready for configuration","2026-05-26","2026-07-17","Not Started","","","","","","","","","Shankar Kshetry","Pragya Dubey","",""
"8.F","MintX Participant Setup","Initial Pull of Territory data into MintX (from Mint)","2026-05-26","2026-06-26","Not Started","","","","Not Started","","","","","Shankar Kshetry","Pragya Dubey","",""
"8.G","MintX Participant Setup","Verify Fed Territory entities are complete","2026-05-26","2026-05-28","Not Started","","","","","","","","","Shankar Kshetry","Pragya Dubey","",""
"8.H","MintX Participant Setup","MintX Rollover","2026-06-01","2026-06-16","Not Started","","","","Not Started","","Y","","","Shankar Kshetry","Pragya Dubey","",""
"8.I","MintX Participant Setup","First MintX E2E Run (Config Hub Runs MintX OP Process for the first time)","2026-06-18","2026-06-22","Not Started","","","","Not Started","","","","","Shankar Kshetry","Pragya Dubey","",""
"8.J","MintX Participant Setup","Begin running MintX Processing Daily","2026-06-19","2026-06-22","Not Started","","","","Not Started","","","","","Shankar Kshetry","Pragya Dubey","",""
"8.K","MintX Participant Setup","Crediting go-live (result: MSC Participation Detail Report becomes available)","2026-06-22","2026-06-22","Not Started","","","","Not Started","","","","","Shankar Kshetry","Pragya Dubey","",""
"8.L","MintX Participant Setup","Confirm roll-up logic for MintX","2026-08-03","2026-08-05","Not Started","","","","Not Started","","","Fran B","Kyle Daugherty","Shankar Kshetry","Pragya Dubey","",""
"8.M","MintX Participant Setup","Daily Quota Crediting START date (data quality increases thru window) FINAL QQiA data on END date","2026-08-11","2026-08-11","Not Started","","","","Not Started","","","Bihag Bhatt","Klayton","Shankar Kshetry","Pragya Dubey","",""
"8.N","MintX Participant Setup","WWIC Ops/TCS Early Recons START _ WWIC Fed Ops/Cognicant Early Recons START (uses available Mintx data + credited results)","2026-08-12","2026-08-14","Not Started","","","","Not Started","","","Dan Ager, Ops Team","Angela Dill","Shankar Kshetry","Pragya Dubey","",""
"8.O","MintX Participant Setup","Validate and Update Automation Scope as Necessary","2026-08-13","2026-08-13","Not Started","","","","Not Started","","","","","Shankar Kshetry","Pragya Dubey","",""
"9.A","Blueprint / EDM / HR Data","EDM Final Upload from ISP to EC (and MCT)","2026-05-13","2026-06-26","Not Started","","","","Not Started","","","Bihag Bhatt","Klayton","","","",""
"9.B","Blueprint / EDM / HR Data","Final EDM Review Window","2026-06-29","2026-07-06","Not Started","","","","Not Started","","","Bihag Bhatt","Klayton","","","",""
"9.C","Blueprint / EDM / HR Data","EDM Closes Review (Pre-Rollover)","2026-07-07","2026-07-07","Not Started","","","","Not Started","","","Bihag Bhatt","Klayton","","","",""
"9.D","Blueprint / EDM / HR Data","Employee Data Locked for FY26 Quota Delivery","2026-07-07","2026-07-07","Not Started","","","","Not Started","","","Bihag Bhatt","Klayton","","","",""
"9.E","Blueprint / EDM / HR Data","Final Snapshot from Employee Central","2026-07-15","2026-07-15","Not Started","","","","Not Started","","","","","","","",""
"9.F","Blueprint / EDM / HR Data","Regional Blueprint Cascade","2026-08-04","2026-08-07","Not Started","","","","Not Started","","","Bihag Bhatt","Klayton","","","",""
"9.G","Blueprint / EDM / HR Data","EDM Window Open for SPE & HR to validate IC Plan & RTM","2026-08-04","2026-08-04","Not Started","","","","Not Started","","","Bihag Bhatt","Klayton","","","",""
"9.H","Blueprint / EDM / HR Data","Area Blueprint Cascade","2026-09-01","2026-09-01","Not Started","","","","Not Started","","","Bihag Bhatt","Klayton","","","",""
"10.A","Actuals Visibility","Actuals Feed Query Validation + Updates","2026-04-15","2026-06-16","Not Started","","","","Not Started","","","Baishali Ray","","","","",""
"10.B","Actuals Visibility","Actuals Feed Launch + Go-Live","2026-07-31","2026-08-31","Not Started","","","","Not Started","","","Baisahli Ray","","","","",""
"11.A","Territory Mgmt","Final FY27 Account Tags & Business Rules","2026-04-09","2026-05-22","In Progress","","","","Not Started","","","Bihag Bhatt","Klayton","","","",""
"11.B","Territory Mgmt","Tags Visible in SPM FY based on April close","2026-04-29","2026-04-29","Not Started","","","","Not Started","","","Bihag Bhatt","Klayton","","","",""
"11.C","Territory Mgmt","Territory Business Rules from Role Owners Lock","2026-05-22","2026-05-22","Not Started","","","","Not Started","","","Bihag Bhatt","Klayton","","","",""
"11.D","Territory Mgmt","Tags Visible in SPM FY based on June close (mekearney)","2026-07-04","2026-07-04","Not Started","","","","Not Started","","","Bihag Bhatt","Klayton","","","",""
"11.E","Territory Mgmt","Sales Group Hierarchy (SGH) Hard Lock","2026-07-10","2026-07-10","Not Started","","","","Not Started","","","Bihag Bhatt","Klayton","","","",""
"11.F","Territory Mgmt","Seller Assignments Hard Lock (By noon PDT)","2026-07-16","2026-07-16","Not Started","","","","Not Started","","","Bihag Bhatt","Klayton","","","",""
"11.G","Territory Mgmt","Seller Assignment Closes all territory issues resolvd","2026-07-17","2026-07-17","Not Started","","","","Not Started","","","Bihag Bhatt","Klayton","","","",""
"11.H","Territory Mgmt","MS Sales Rollover / SPM FY to CY Rollover","2026-07-17","2026-07-17","Not Started","","","","Not Started","","","Bihag Bhatt","Klayton","","","",""
"11.I","Territory Mgmt","Territory Management Process Kick-Off","2026-07-20","2026-07-20","Not Started","","","","Not Started","","","Bihag Bhatt","Klayton","","","",""
"12.A","ICBM Rollover","ICBM Backend Database Rollover","2026-06-08","2026-06-12","Not Started","","","","Not Started","","Y","Jim R","","Shankar Kshetry","Pragya Dubey","",""
"12.B","ICBM Rollover","Rolled-over Fact Adjustment tables available to integrate into Mint","2026-06-08","2026-06-12","Not Started","","","","Not Started","","Y","Jim R","","Shankar Kshetry","Pragya Dubey","",""
"12.C","ICBM Rollover","Fact Adjustment Schema Create + Update","2026-06-16","2026-06-26","Not Started","","","","Not Started","","N","Jim R","","Shankar Kshetry","Pragya Dubey","",""
"12.D","ICBM Rollover","Load config files for FY27","2026-07-02","2026-07-02","Not Started","","","","Not Started","","","Jim R","","Shankar Kshetry","Pragya Dubey","Funcitonality available. Business needs to upload the files",""
"12.E","ICBM Rollover","PPA/QA module module available for end users - should be same date as 138","2026-07-10","2026-07-13","Not Started","","","","Not Started","","","Jim R","","Shankar Kshetry","Pragya Dubey","Confirm with PPA/QA team",""
"12.F","ICBM Rollover","Validate any Corp to Fed (or vice versa) data has been copied appropriately","2026-07-15","2026-07-24","Not Started","","","","Not Started","","Y","Jim R","","Shankar Kshetry","Pragya Dubey","Confirm with PPA/QA team",""
"12.G","ICBM Rollover","Payout module module available for end users","2026-07-15","2026-07-21","Not Started","","","","Not Started","","Y","Jim R","","Shankar Kshetry","Pragya Dubey","",""
"12.H","ICBM Rollover","Recoveries module module available for end users - should be after payouts","2026-07-15","2026-07-28","Not Started","","","","Not Started","","Y","Jim R","","Shankar Kshetry","Pragya Dubey","End of Week",""
"12.I","ICBM Rollover","Fact Level Adjustment module available for end users","2026-07-15","2026-07-28","Not Started","","","","Not Started","","Y","Jim R","","Shankar Kshetry","Pragya Dubey","ICBM work done - MintStudio work remaining",""
"12.J","ICBM Rollover","Particpant Adjustment module available for end users","2026-07-15","2026-07-28","Not Started","","","","Not Started","","Y","Jim R","","Shankar Kshetry","Pragya Dubey","ICBM work done - MintStudio work remaining",""
"13.A","MSX Earnings Rollover","Knowledge Platform - ingest new content, retire old content","2026-06-22","2026-06-23","Not Started","","","","","","","","","","Jacob Thomas","",""
"13.B","MSX Earnings Rollover","Test content","2026-06-24","2026-06-26","Not Started","","","","","","","","","","Jacob Thomas","",""
"13.C","MSX Earnings Rollover","Enable content","2026-07-01","2026-07-01","Not Started","","","","","","","","","","Jacob Thomas","",""
"13.D","MSX Earnings Rollover","Enable plans to test","","2026-07-16","Not Started","","","","Not Started","","","Clayton Butler","Angela Dill","","Jacob Thomas","",""
"13.E","MSX Earnings Rollover","PPA Testing","","2026-07-20","Not Started","","","","Not Started","","","Clayton Butler","Angela Dill","","Jacob Thomas","",""
"13.F","MSX Earnings Rollover","PPA release","","","Not Started","","","","Not Started","","","Clayton Butler","Angela Dill","","Jacob Thomas","",""
"13.G","MSX Earnings Rollover","QA testing - eng. validations before business testing","2026-07-21","","Not Started","","","","Not Started","","","Clayton Butler","Angela Dill","","Jacob Thomas","",""
"13.H","MSX Earnings Rollover","QA business testing after ML #3","2026-07-28","2026-07-30","Not Started","","","","Not Started","","","Clayton Butler","Angela Dill","","Jacob Thomas","",""
"13.I","MSX Earnings Rollover","QA/TA release","2026-08-07","2026-08-07","Not Started","","","","Not Started","","","Clayton Butler","Angela Dill","","Jacob Thomas","",""
"13.J","MSX Earnings Rollover","Revenue release testing","","","Not Started","","","","Not Started","","","Clayton Butler","Angela Dill","","Jacob Thomas","",""
"13.K","MSX Earnings Rollover","Revenue release","","","Not Started","","","","","","","","","","Jacob Thomas","",""
"13.L","MSX Earnings Rollover","Review My Change History reason codes","","","Not Started","","","","","","","","","","Jacob Thomas","",""
"13.M","MSX Earnings Rollover","Enable My Change History page","","","Not Started","","","","Not Started","","","Clayton Butler","Angela Dill","","Jacob Thomas","",""
"14.A","Payline Modeling","Plan Launch with Paylines","2026-06-11","2026-07-01","Not Started","","","","Not Started","","","Aziz?","Hailey Kim","","","",""
"14.B","Payline Modeling","Workers Council Review #1","2026-06-24","2026-06-24","Not Started","","","","Not Started","","","Gleidy","NA","","","",""
"14.C","Payline Modeling","Workers Council Review #2","2026-06-29","2026-06-29","Not Started","","","","Not Started","","","Gleidy","NA","","","",""
"14.D","Payline Modeling","Payline Modeling & Assignment to Plans","","","Not Started","","","","Not Started","","","Aziz?","Hailey Kim","","","",""
"14.E","Payline Modeling","MSC Close Date","","","Not Started","","","","Not Started","","","","","","","",""
"15.A","PPA/QA","Setup the PPA/QA infrastructure in ICBM","2026-07-14","2026-07-14","Completed","","","","Not Started","","Depends on Freeze period date","","","","Pragya Dubey","",""
"15.B","PPA/QA","Ensure that DataPull Compliance & DataPush Compliance activities are ready","2026-07-15","2026-07-21","Not Started","","","","Not Started","","","","","","Pragya Dubey","",""